point_id,name,unit,bdns_abbreviation,space_id
1001,ahu_supply_temp_1,degC,AHU-00001,
1002,ahu_supply_sp_1,Pa,AHU-00001,
1003,ahu_supply_flow_1,m3/s,AHU-00001,
1004,ahu_return_temp_1,degC,AHU-00001,
1005,ahu_mixed_temp_1,degC,AHU-00001,
1006,ahu_fan_speed_1,rpm,AHU-00001,
1007,ahu_supply_temp_2,degC,AHU-00002,
1008,ahu_supply_sp_2,Pa,AHU-00002,
1009,ahu_supply_flow_2,m3/s,AHU-00002,
1010,ahu_return_temp_2,degC,AHU-00002,
1011,ahu_mixed_temp_2,degC,AHU-00002,
1012,ahu_fan_speed_2,rpm,AHU-00002,
1013,ahu_supply_temp_3,degC,AHU-00003,
1014,ahu_supply_sp_3,Pa,AHU-00003,
1015,ahu_supply_flow_3,m3/s,AHU-00003,
1016,ahu_return_temp_3,degC,AHU-00003,
1017,ahu_mixed_temp_3,degC,AHU-00003,
1018,ahu_fan_speed_3,rpm,AHU-00003,
1019,vav_zone_flow_1,m3/s,VAV-00001,
1020,vav_zone_temp_1,degC,VAV-00001,
1021,vav_zone_co2_1,ppm,VAV-00001,
1022,vav_zone_flow_2,m3/s,VAV-00002,
1023,vav_zone_temp_2,degC,VAV-00002,
1024,vav_zone_co2_2,ppm,VAV-00002,
1025,vav_zone_flow_3,m3/s,VAV-00003,
1026,vav_zone_temp_3,degC,VAV-00003,
1027,vav_zone_co2_3,ppm,VAV-00003,
1028,vav_zone_flow_4,m3/s,VAV-00004,
1029,vav_zone_temp_4,degC,VAV-00004,
1030,vav_zone_co2_4,ppm,VAV-00004,
1031,vav_zone_flow_5,m3/s,VAV-00005,
1032,vav_zone_temp_5,degC,VAV-00005,
1033,vav_zone_co2_5,ppm,VAV-00005,
1034,vav_zone_flow_6,m3/s,VAV-00006,
1035,vav_zone_temp_6,degC,VAV-00006,
1036,vav_zone_co2_6,ppm,VAV-00006,
1037,vav_zone_flow_7,m3/s,VAV-00007,
1038,vav_zone_temp_7,degC,VAV-00007,
1039,vav_zone_co2_7,ppm,VAV-00007,
1040,vav_zone_flow_8,m3/s,VAV-00008,
1041,vav_zone_temp_8,degC,VAV-00008,
1042,vav_zone_co2_8,ppm,VAV-00008,
1043,vav_zone_flow_9,m3/s,VAV-00009,
1044,vav_zone_temp_9,degC,VAV-00009,
1045,vav_zone_co2_9,ppm,VAV-00009,
1046,vav_zone_flow_10,m3/s,VAV-00010,
1047,vav_zone_temp_10,degC,VAV-00010,
1048,vav_zone_co2_10,ppm,VAV-00010,
1049,vav_zone_flow_11,m3/s,VAV-00011,
1050,vav_zone_temp_11,degC,VAV-00011,
1051,vav_zone_co2_11,ppm,VAV-00011,
1052,vav_zone_flow_12,m3/s,VAV-00012,
1053,vav_zone_temp_12,degC,VAV-00012,
1054,vav_zone_co2_12,ppm,VAV-00012,
1055,vav_zone_flow_13,m3/s,VAV-00013,
1056,vav_zone_temp_13,degC,VAV-00013,
1057,vav_zone_co2_13,ppm,VAV-00013,
1058,vav_zone_flow_14,m3/s,VAV-00014,
1059,vav_zone_temp_14,degC,VAV-00014,
1060,vav_zone_co2_14,ppm,VAV-00014,
1061,vav_zone_flow_15,m3/s,VAV-00015,
1062,vav_zone_temp_15,degC,VAV-00015,
1063,vav_zone_co2_15,ppm,VAV-00015,
1064,vav_zone_flow_16,m3/s,VAV-00016,
1065,vav_zone_temp_16,degC,VAV-00016,
1066,vav_zone_co2_16,ppm,VAV-00016,
1067,vav_zone_flow_17,m3/s,VAV-00017,
1068,vav_zone_temp_17,degC,VAV-00017,
1069,vav_zone_co2_17,ppm,VAV-00017,
1070,vav_zone_flow_18,m3/s,VAV-00018,
1071,vav_zone_temp_18,degC,VAV-00018,
1072,vav_zone_co2_18,ppm,VAV-00018,
1073,vavs_zone_flow_1,m3/s,VAVS-00001,
1074,vavs_zone_temp_1,degC,VAVS-00001,
1075,vavs_zone_co2_1,ppm,VAVS-00001,
1076,vavs_zone_flow_2,m3/s,VAVS-00002,
1077,vavs_zone_temp_2,degC,VAVS-00002,
1078,vavs_zone_co2_2,ppm,VAVS-00002,
1079,vavs_zone_flow_3,m3/s,VAVS-00003,
1080,vavs_zone_temp_3,degC,VAVS-00003,
1081,vavs_zone_co2_3,ppm,VAVS-00003,
1082,vavs_zone_flow_4,m3/s,VAVS-00004,
1083,vavs_zone_temp_4,degC,VAVS-00004,
1084,vavs_zone_co2_4,ppm,VAVS-00004,
1085,vavs_zone_flow_5,m3/s,VAVS-00005,
1086,vavs_zone_temp_5,degC,VAVS-00005,
1087,vavs_zone_co2_5,ppm,VAVS-00005,
1088,vavs_zone_flow_6,m3/s,VAVS-00006,
1089,vavs_zone_temp_6,degC,VAVS-00006,
1090,vavs_zone_co2_6,ppm,VAVS-00006,
1091,vavs_zone_flow_7,m3/s,VAVS-00007,
1092,vavs_zone_temp_7,degC,VAVS-00007,
1093,vavs_zone_co2_7,ppm,VAVS-00007,
1094,vavs_zone_flow_8,m3/s,VAVS-00008,
1095,vavs_zone_temp_8,degC,VAVS-00008,
1096,vavs_zone_co2_8,ppm,VAVS-00008,
1097,vavs_zone_flow_9,m3/s,VAVS-00009,
1098,vavs_zone_temp_9,degC,VAVS-00009,
1099,vavs_zone_co2_9,ppm,VAVS-00009,
1100,vavs_zone_flow_10,m3/s,VAVS-00010,
1101,vavs_zone_temp_10,degC,VAVS-00010,
1102,vavs_zone_co2_10,ppm,VAVS-00010,
1103,vavs_zone_flow_11,m3/s,VAVS-00011,
1104,vavs_zone_temp_11,degC,VAVS-00011,
1105,vavs_zone_co2_11,ppm,VAVS-00011,
1106,vavs_zone_flow_12,m3/s,VAVS-00012,
1107,vavs_zone_temp_12,degC,VAVS-00012,
1108,vavs_zone_co2_12,ppm,VAVS-00012,
1109,vavs_zone_flow_13,m3/s,VAVS-00013,
1110,vavs_zone_temp_13,degC,VAVS-00013,
1111,vavs_zone_co2_13,ppm,VAVS-00013,
1112,vavs_zone_flow_14,m3/s,VAVS-00014,
1113,vavs_zone_temp_14,degC,VAVS-00014,
1114,vavs_zone_co2_14,ppm,VAVS-00014,
1115,fcu_zone_temp_102,degC,FCU-00102,
1116,fcu_fan_status_102,binary,FCU-00102,
1117,airterm_flow_252,m3/s,SG-00252,
1118,room_temp_m51_01_02,degC,,01-02
1119,room_rh_m51_01_02,%RH,,01-02
1120,room_co2_m51_01_02,ppm,,01-02
1121,room_occupancy_m51_01_02,binary,,01-02
1122,room_temp_m51_01_03,degC,,01-03
1123,room_rh_m51_01_03,%RH,,01-03
1124,room_co2_m51_01_03,ppm,,01-03
1125,room_occupancy_m51_01_03,binary,,01-03
1126,room_temp_m51_01_04,degC,,01-04
1127,room_rh_m51_01_04,%RH,,01-04
1128,room_co2_m51_01_04,ppm,,01-04
1129,room_occupancy_m51_01_04,binary,,01-04
1130,room_temp_m51_01_05,degC,,01-05
1131,room_rh_m51_01_05,%RH,,01-05
1132,room_co2_m51_01_05,ppm,,01-05
1133,room_occupancy_m51_01_05,binary,,01-05
1134,room_temp_m51_01_06,degC,,01-06
1135,room_rh_m51_01_06,%RH,,01-06
1136,room_co2_m51_01_06,ppm,,01-06
1137,room_occupancy_m51_01_06,binary,,01-06
1138,room_temp_m51_01_07,degC,,01-07
1139,room_rh_m51_01_07,%RH,,01-07
1140,room_co2_m51_01_07,ppm,,01-07
1141,room_occupancy_m51_01_07,binary,,01-07
1142,room_temp_m51_01_08,degC,,01-08
1143,room_rh_m51_01_08,%RH,,01-08
1144,room_co2_m51_01_08,ppm,,01-08
1145,room_occupancy_m51_01_08,binary,,01-08
1146,room_temp_m51_01_09,degC,,01-09
1147,room_rh_m51_01_09,%RH,,01-09
1148,room_co2_m51_01_09,ppm,,01-09
1149,room_occupancy_m51_01_09,binary,,01-09
1150,room_temp_m51_01_10,degC,,01-10
1151,room_rh_m51_01_10,%RH,,01-10
1152,room_co2_m51_01_10,ppm,,01-10
1153,room_occupancy_m51_01_10,binary,,01-10
1154,room_temp_m51_01_11,degC,,01-11
1155,room_rh_m51_01_11,%RH,,01-11
1156,room_co2_m51_01_11,ppm,,01-11
1157,room_occupancy_m51_01_11,binary,,01-11
1158,room_temp_m51_01_12,degC,,01-12
1159,room_rh_m51_01_12,%RH,,01-12
1160,room_co2_m51_01_12,ppm,,01-12
1161,room_occupancy_m51_01_12,binary,,01-12
1162,room_temp_m51_01_13,degC,,01-13
1163,room_rh_m51_01_13,%RH,,01-13
1164,room_co2_m51_01_13,ppm,,01-13
1165,room_occupancy_m51_01_13,binary,,01-13
1166,room_temp_m51_01_14,degC,,01-14
1167,room_rh_m51_01_14,%RH,,01-14
1168,room_co2_m51_01_14,ppm,,01-14
1169,room_occupancy_m51_01_14,binary,,01-14
1170,room_temp_m51_01_15,degC,,01-15
1171,room_rh_m51_01_15,%RH,,01-15
1172,room_co2_m51_01_15,ppm,,01-15
1173,room_occupancy_m51_01_15,binary,,01-15
1174,room_temp_m51_01_16,degC,,01-16
1175,room_rh_m51_01_16,%RH,,01-16
1176,room_co2_m51_01_16,ppm,,01-16
1177,room_occupancy_m51_01_16,binary,,01-16
1178,room_temp_m51_01_17,degC,,01-17
1179,room_rh_m51_01_17,%RH,,01-17
1180,room_co2_m51_01_17,ppm,,01-17
1181,room_occupancy_m51_01_17,binary,,01-17
1182,room_temp_m51_01_18,degC,,01-18
1183,room_rh_m51_01_18,%RH,,01-18
1184,room_co2_m51_01_18,ppm,,01-18
1185,room_occupancy_m51_01_18,binary,,01-18
1186,room_temp_m51_01_19,degC,,01-19
1187,room_rh_m51_01_19,%RH,,01-19
1188,room_co2_m51_01_19,ppm,,01-19
1189,room_occupancy_m51_01_19,binary,,01-19
1190,room_temp_m51_01_20,degC,,01-20
1191,room_rh_m51_01_20,%RH,,01-20
1192,room_co2_m51_01_20,ppm,,01-20
1193,room_occupancy_m51_01_20,binary,,01-20
1194,room_temp_m51_01_21,degC,,01-21
1195,room_rh_m51_01_21,%RH,,01-21
1196,room_co2_m51_01_21,ppm,,01-21
1197,room_occupancy_m51_01_21,binary,,01-21
1198,room_temp_m51_01_22,degC,,01-22
1199,room_rh_m51_01_22,%RH,,01-22
1200,room_co2_m51_01_22,ppm,,01-22
1201,room_occupancy_m51_01_22,binary,,01-22
1202,room_temp_m51_01_23,degC,,01-23
1203,room_rh_m51_01_23,%RH,,01-23
1204,room_co2_m51_01_23,ppm,,01-23
1205,room_occupancy_m51_01_23,binary,,01-23
1206,room_temp_m51_01_24,degC,,01-24
1207,room_rh_m51_01_24,%RH,,01-24
1208,room_co2_m51_01_24,ppm,,01-24
1209,room_occupancy_m51_01_24,binary,,01-24
1210,room_temp_m51_01_25,degC,,01-25
1211,room_rh_m51_01_25,%RH,,01-25
1212,room_co2_m51_01_25,ppm,,01-25
1213,room_occupancy_m51_01_25,binary,,01-25
1214,room_temp_m51_01_26,degC,,01-26
1215,room_rh_m51_01_26,%RH,,01-26
1216,room_co2_m51_01_26,ppm,,01-26
1217,room_occupancy_m51_01_26,binary,,01-26
1218,room_temp_m51_01_27,degC,,01-27
1219,room_rh_m51_01_27,%RH,,01-27
1220,room_co2_m51_01_27,ppm,,01-27
1221,room_occupancy_m51_01_27,binary,,01-27
1222,room_temp_m51_01_28,degC,,01-28
1223,room_rh_m51_01_28,%RH,,01-28
1224,room_co2_m51_01_28,ppm,,01-28
1225,room_occupancy_m51_01_28,binary,,01-28
1226,room_temp_m51_01_29,degC,,01-29
1227,room_rh_m51_01_29,%RH,,01-29
1228,room_co2_m51_01_29,ppm,,01-29
1229,room_occupancy_m51_01_29,binary,,01-29
1230,room_temp_m51_01_30,degC,,01-30
1231,room_rh_m51_01_30,%RH,,01-30
1232,room_co2_m51_01_30,ppm,,01-30
1233,room_occupancy_m51_01_30,binary,,01-30
1234,room_temp_m51_01_31,degC,,01-31
1235,room_rh_m51_01_31,%RH,,01-31
1236,room_co2_m51_01_31,ppm,,01-31
1237,room_occupancy_m51_01_31,binary,,01-31
1238,room_temp_m51_01_32,degC,,01-32
1239,room_rh_m51_01_32,%RH,,01-32
1240,room_co2_m51_01_32,ppm,,01-32
1241,room_occupancy_m51_01_32,binary,,01-32
1242,room_temp_m51_01_33,degC,,01-33
1243,room_rh_m51_01_33,%RH,,01-33
1244,room_co2_m51_01_33,ppm,,01-33
1245,room_occupancy_m51_01_33,binary,,01-33
1246,room_temp_m51_01_34,degC,,01-34
1247,room_rh_m51_01_34,%RH,,01-34
1248,room_co2_m51_01_34,ppm,,01-34
1249,room_occupancy_m51_01_34,binary,,01-34
